Workbook

Sheet Roadmap
A1: ID | B1: Item | C1: Tranche | D1: What it delivers | E1: FURPS | F1: Size | G1: Size pts | H1: Impact | I1: Impact pts | J1: Value per effort | K1: Risk | L1: Status | M1: Depends on | N1: Done when (confirm) | O1: MoSCoW
A2: 196 | B2: Re-prove task 154 on main | C2: M0 | D2: A synchronous delegate from a claude-code orchestrator returns after 60 s; the desktop RPI walk passes | E2: R | F2: S | G2: =IFERROR(INDEX(Scales!$B$3:$B$6,MATCH(F2,Scales!$A$3:$A$6,0)),"") | H2: High | I2: =IFERROR(INDEX(Scales!$E$3:$E$6,MATCH(H2,Scales!$D$3:$D$6,0)),"") | J2: =IFERROR(ROUND(I2/G2,2),"") | K2: Low | L2: Done 2026-09-23 | M2: — | N2: forced-sync delegate → SLEPT (183 s); just walk "rpi strip" → 1 passed | O2: Must
A3: 181 | B3: A reconnect keeps the running reply | C3: M0 | D3: Umbrella for 197–200 (plan: docs/2026-09-23-task181-shared-run-plan-v1.md) | E3: R | F3: XL | G3: =IFERROR(INDEX(Scales!$B$3:$B$6,MATCH(F3,Scales!$A$3:$A$6,0)),"") | H3: High | I3: =IFERROR(INDEX(Scales!$E$3:$E$6,MATCH(H3,Scales!$D$3:$D$6,0)),"") | J3: =IFERROR(ROUND(I3/G3,2),"") | K3: High | L3: In progress | M3: 196 | N3: just walk "reconnect during a Hard turn" → 1 passed | O3: Must
A4: 197 | B4: One server-owned AgentManager | C4: M0 | D4: One agent per session across connections; agents with a running turn pinned against eviction | E4: R | F4: M | G4: =IFERROR(INDEX(Scales!$B$3:$B$6,MATCH(F4,Scales!$A$3:$A$6,0)),"") | H4: Low | I4: =IFERROR(INDEX(Scales!$E$3:$E$6,MATCH(H4,Scales!$D$3:$D$6,0)),"") | J4: =IFERROR(ROUND(I4/G4,2),"") | K4: Med | L4: Done 2026-09-23 | M4: 181 approval | N4: cargo test -p goose --lib task181_shared_ownership → 3 passed | O4: Must
A5: 198 | B5: The server owns the run | C5: M0 | D5: Reply stream owned by the server; a reconnect re-attaches and gets the reply exactly once | E5: R | F5: XL | G5: =IFERROR(INDEX(Scales!$B$3:$B$6,MATCH(F5,Scales!$A$3:$A$6,0)),"") | H5: High | I5: =IFERROR(INDEX(Scales!$E$3:$E$6,MATCH(H5,Scales!$D$3:$D$6,0)),"") | J5: =IFERROR(ROUND(I5/G5,2),"") | K5: High | L5: Rework open (first pass merged) | M5: 197 | N5: cargo test -p goose --test acp_server_test task181_reconnect → 2 passed | O5: Must
A6: 199 | B6: Two clients, cancel, permissions, isolation | C6: M1b | D6: Two subscribers, cancel from either, permission hand-over, cwd isolation, eviction pressure (runs beside M1b) | E6: R, F | F6: L | G6: =IFERROR(INDEX(Scales!$B$3:$B$6,MATCH(F6,Scales!$A$3:$A$6,0)),"") | H6: Med | I6: =IFERROR(INDEX(Scales!$E$3:$E$6,MATCH(H6,Scales!$D$3:$D$6,0)),"") | J6: =IFERROR(ROUND(I6/G6,2),"") | K6: Med | L6: Planned | M6: 198 | N6: cargo test -p goose --test acp_server_test task181_multi_connection → 6 passed | O6: Should
A7: 200 | B7: Desktop recovers mid-turn | C7: M0 | D7: Streaming/idle and Stop restored after a reconnect; a walk proves it | E7: R, U | F7: M | G7: =IFERROR(INDEX(Scales!$B$3:$B$6,MATCH(F7,Scales!$A$3:$A$6,0)),"") | H7: Med | I7: =IFERROR(INDEX(Scales!$E$3:$E$6,MATCH(H7,Scales!$D$3:$D$6,0)),"") | J7: =IFERROR(ROUND(I7/G7,2),"") | K7: Med | L7: Planned | M7: 198 | N7: just walk "reconnect during a Hard turn" → 1 passed; just smoke | O7: Must
A8: M1a | B8: Melody's session tools, headless | C8: M1a | D8: list/start/status tools on the session bridge; server-side authorization; approvals; restart recovery; one manager per repository; new-session notices | E8: F, R | F8: XL | G8: =IFERROR(INDEX(Scales!$B$3:$B$6,MATCH(F8,Scales!$A$3:$A$6,0)),"") | H8: Very high | I8: =IFERROR(INDEX(Scales!$E$3:$E$6,MATCH(H8,Scales!$D$3:$D$6,0)),"") | J8: =IFERROR(ROUND(I8/G8,2),"") | K8: High | L8: Planned at 200's gate | M8: 181 | N8: cargo test -p goose --test melody_* (7 checks) | O8: Must
A9: M1b | B9: The smallest real Melody | C9: M1b | D9: Her Work tab bound to a persistent session; pin + row at the top of Today; Work toggle; lever removed; one minimal repository manager | E9: F, U | F9: L | G9: =IFERROR(INDEX(Scales!$B$3:$B$6,MATCH(F9,Scales!$A$3:$A$6,0)),"") | H9: Very high | I9: =IFERROR(INDEX(Scales!$E$3:$E$6,MATCH(H9,Scales!$D$3:$D$6,0)),"") | J9: =IFERROR(ROUND(I9/G9,2),"") | K9: Med | L9: Planned at M1a's gate | M9: M1a | N9: just walk "melody starts a session" → 1 passed | O9: Must
A10: M2 | B10: Companions (manager sessions) | C10: M2 | D10: Harmony, Tempo, Chord: names and marks, companion view, send_to_session, limits, manager role | E10: F | F10: L | G10: =IFERROR(INDEX(Scales!$B$3:$B$6,MATCH(F10,Scales!$A$3:$A$6,0)),"") | H10: High | I10: =IFERROR(INDEX(Scales!$E$3:$E$6,MATCH(H10,Scales!$D$3:$D$6,0)),"") | J10: =IFERROR(ROUND(I10/G10,2),"") | K10: Med | L10: Planned (conflicts settled 2026-09-23) | M10: M1b + memory PRD conflicts | N10: just walk "friend" → 1 passed | O10: Should
A11: M3 | B11: Visual language app-wide | C11: M3 | D11: DESIGN.md amendments, Heroicons sweep, runtime colours, motion picks, tab polish | E11: U | F11: L | G11: =IFERROR(INDEX(Scales!$B$3:$B$6,MATCH(F11,Scales!$A$3:$A$6,0)),"") | H11: High | I11: =IFERROR(INDEX(Scales!$E$3:$E$6,MATCH(H11,Scales!$D$3:$D$6,0)),"") | J11: =IFERROR(ROUND(I11/G11,2),"") | K11: Low | L11: Planned at M1b's gate | M11: M1b | N11: DESIGN.md checks; theme-tokens.test.ts; window screenshots at 1512 | O11: Should
A12: P1 | B12: Melody's cost and concurrency budget | C12: M1b | D12: An idle Melody or manager makes no model calls; a combined limit on running managers and workers; seat usage per turn in the ledger | E12: P | F12: M | G12: =IFERROR(INDEX(Scales!$B$3:$B$6,MATCH(F12,Scales!$A$3:$A$6,0)),"") | H12: Med | I12: =IFERROR(INDEX(Scales!$E$3:$E$6,MATCH(H12,Scales!$D$3:$D$6,0)),"") | J12: =IFERROR(ROUND(I12/G12,2),"") | K12: Low | L12: Planned at M1a's gate | M12: M1a | N12: a test: idle Melody makes 0 model calls over N minutes; the N+1th worker waits | O12: Should
A13: S1 | B13: Diagnosing what Melody starts | C13: M2 | D13: The chain Melody → manager → worker, and why a session she started failed, in Diagnostics and Telemetry | E13: S | F13: M | G13: =IFERROR(INDEX(Scales!$B$3:$B$6,MATCH(F13,Scales!$A$3:$A$6,0)),"") | H13: Med | I13: =IFERROR(INDEX(Scales!$E$3:$E$6,MATCH(H13,Scales!$D$3:$D$6,0)),"") | J13: =IFERROR(ROUND(I13/G13,2),"") | K13: Low | L13: Planned at M1b's gate | M13: M1b | N13: a walk: a failed worker's cause shows under its manager in Diagnostics | O13: Could
... A20: T4 | B20: Companion growth | C20: T4 | D20: Test sets from judged jobs, pass^3 charter gate, DORA-style scorecard, time horizon, autonomy ladder | E20: F, R | F20: L | G20: =IFERROR(INDEX(Scales!$B$3:$B$6,MATCH(F20,Scales!$A$3:$A$6,0)),"") | H20: High | I20: =IFERROR(INDEX(Scales!$E$3:$E$6,MATCH(H20,Scales!$D$3:$D$6,0)),"") | J20: =IFERROR(ROUND(I20/G20,2),"") | K20: Med | L20: Planned | M20: M2, T1 | N20: a regressing fixture proposal shows "scores lower on <task>"; <3 judged jobs → not enough history | O20: Could
A22: Blue cells (Size, Impact) are Claude's estimates, 2026-09-23, from the program plan v2 and task 181's plan; change them from the dropdowns and the points recalculate. Updated 2026-09-23: 0.9 is the one target; team memory T0–T4 joined (docs/2026-09-23-team-memory-program-plan-v2.md); friends are now companions.

Sheet Scales
A1: Scales (edit the blue points to re-weight)
A2: Size | B2: Points | C2: Meaning | D2: Impact | E2: Points
A3: S | B3: 1 | C3: under a day; one file or a check | D3: Low | E3: 1
A4: M | B4: 2 | C4: a few files, one area | D4: Med | E4: 2
A5: L | B5: 3 | C5: several files, or a broad sweep | D5: High | E5: 3
A6: XL | B6: 5 | C6: core refactor or new subsystem; highest risk | D6: Very high | E6: 5
A8: FURPS: F Functionality (incl. security) · U Usability · R Reliability · P Performance · S Supportability

Sheet By tranche
A1: Tranche | B1: Items | C1: Size pts | D1: Impact pts | E1: Note
A2: M0 | B2: =COUNTIFS(Roadmap!$C$2:$C$20,A2,Roadmap!$A$2:$A$20,"<>181",Roadmap!$A$2:$A$20,"<>196") | C2: =SUMIFS(Roadmap!$G$2:$G$20,Roadmap!$C$2:$C$20,A2,Roadmap!$A$2:$A$20,"<>181",Roadmap!$A$2:$A$20,"<>196") | D2: =SUMIFS(Roadmap!$I$2:$I$20,Roadmap!$C$2:$C$20,A2,Roadmap!$A$2:$A$20,"<>181",Roadmap!$A$2:$A$20,"<>196") | E2: tasks 197, 198, 200 (excludes umbrella 181 and done 196)
A3: M1a | B3: =COUNTIFS(Roadmap!$C$2:$C$20,A3,Roadmap!$A$2:$A$20,"<>181",Roadmap!$A$2:$A$20,"<>196") | C3: =SUMIFS(Roadmap!$G$2:$G$20,Roadmap!$C$2:$C$20,A3,Roadmap!$A$2:$A$20,"<>181",Roadmap!$A$2:$A$20,"<>196") | D3: =SUMIFS(Roadmap!$I$2:$I$20,Roadmap!$C$2:$C$20,A3,Roadmap!$A$2:$A$20,"<>181",Roadmap!$A$2:$A$20,"<>196")
A4: M1b | B4: =COUNTIFS(Roadmap!$C$2:$C$20,A4,Roadmap!$A$2:$A$20,"<>181",Roadmap!$A$2:$A$20,"<>196") | C4: =SUMIFS(Roadmap!$G$2:$G$20,Roadmap!$C$2:$C$20,A4,Roadmap!$A$2:$A$20,"<>181",Roadmap!$A$2:$A$20,"<>196") | D4: =SUMIFS(Roadmap!$I$2:$I$20,Roadmap!$C$2:$C$20,A4,Roadmap!$A$2:$A$20,"<>181",Roadmap!$A$2:$A$20,"<>196")
A5: M2 | B5: =COUNTIFS(Roadmap!$C$2:$C$20,A5,Roadmap!$A$2:$A$20,"<>181",Roadmap!$A$2:$A$20,"<>196") | C5: =SUMIFS(Roadmap!$G$2:$G$20,Roadmap!$C$2:$C$20,A5,Roadmap!$A$2:$A$20,"<>181",Roadmap!$A$2:$A$20,"<>196") | D5: =SUMIFS(Roadmap!$I$2:$I$20,Roadmap!$C$2:$C$20,A5,Roadmap!$A$2:$A$20,"<>181",Roadmap!$A$2:$A$20,"<>196") | E5: companions; conflicts settled 2026-09-23
A6: M3 | B6: =COUNTIFS(Roadmap!$C$2:$C$20,A6,Roadmap!$A$2:$A$20,"<>181",Roadmap!$A$2:$A$20,"<>196") | C6: =SUMIFS(Roadmap!$G$2:$G$20,Roadmap!$C$2:$C$20,A6,Roadmap!$A$2:$A$20,"<>181",Roadmap!$A$2:$A$20,"<>196") | D6: =SUMIFS(Roadmap!$I$2:$I$20,Roadmap!$C$2:$C$20,A6,Roadmap!$A$2:$A$20,"<>181",Roadmap!$A$2:$A$20,"<>196")
A7: M4 | B7: =COUNTIFS(Roadmap!$C$2:$C$20,A7,Roadmap!$A$2:$A$20,"<>181",Roadmap!$A$2:$A$20,"<>196") | C7: =SUMIFS(Roadmap!$G$2:$G$20,Roadmap!$C$2:$C$20,A7,Roadmap!$A$2:$A$20,"<>181",Roadmap!$A$2:$A$20,"<>196") | D7: =SUMIFS(Roadmap!$I$2:$I$20,Roadmap!$C$2:$C$20,A7,Roadmap!$A$2:$A$20,"<>181",Roadmap!$A$2:$A$20,"<>196")
A8: A | B8: =COUNTIFS(Roadmap!$C$2:$C$20,A8,Roadmap!$A$2:$A$20,"<>181",Roadmap!$A$2:$A$20,"<>196") | C8: =SUMIFS(Roadmap!$G$2:$G$20,Roadmap!$C$2:$C$20,A8,Roadmap!$A$2:$A$20,"<>181",Roadmap!$A$2:$A$20,"<>196") | D8: =SUMIFS(Roadmap!$I$2:$I$20,Roadmap!$C$2:$C$20,A8,Roadmap!$A$2:$A$20,"<>181",Roadmap!$A$2:$A$20,"<>196") | E8: v0.9 alpha
A9: T0 | B9: =COUNTIFS(Roadmap!$C$2:$C$20,A9,Roadmap!$A$2:$A$20,"<>181",Roadmap!$A$2:$A$20,"<>196") | C9: =SUMIFS(Roadmap!$G$2:$G$20,Roadmap!$C$2:$C$20,A9,Roadmap!$A$2:$A$20,"<>181",Roadmap!$A$2:$A$20,"<>196") | D9: =SUMIFS(Roadmap!$I$2:$I$20,Roadmap!$C$2:$C$20,A9,Roadmap!$A$2:$A$20,"<>181",Roadmap!$A$2:$A$20,"<>196") | E9: team memory — in 0.9 since 2026-09-23
A10: T1 | B10: =COUNTIFS(Roadmap!$C$2:$C$20,A10,Roadmap!$A$2:$A$20,"<>181",Roadmap!$A$2:$A$20,"<>196") | C10: =SUMIFS(Roadmap!$G$2:$G$20,Roadmap!$C$2:$C$20,A10,Roadmap!$A$2:$A$20,"<>181",Roadmap!$A$2:$A$20,"<>196") | D10: =SUMIFS(Roadmap!$I$2:$I$20,Roadmap!$C$2:$C$20,A10,Roadmap!$A$2:$A$20,"<>181",Roadmap!$A$2:$A$20,"<>196")
A11: T2 | B11: =COUNTIFS(Roadmap!$C$2:$C$20,A11,Roadmap!$A$2:$A$20,"<>181",Roadmap!$A$2:$A$20,"<>196") | C11: =SUMIFS(Roadmap!$G$2:$G$20,Roadmap!$C$2:$C$20,A11,Roadmap!$A$2:$A$20,"<>181",Roadmap!$A$2:$A$20,"<>196") | D11: =SUMIFS(Roadmap!$I$2:$I$20,Roadmap!$C$2:$C$20,A11,Roadmap!$A$2:$A$20,"<>181",Roadmap!$A$2:$A$20,"<>196")
A12: T3 | B12: =COUNTIFS(Roadmap!$C$2:$C$20,A12,Roadmap!$A$2:$A$20,"<>181",Roadmap!$A$2:$A$20,"<>196") | C12: =SUMIFS(Roadmap!$G$2:$G$20,Roadmap!$C$2:$C$20,A12,Roadmap!$A$2:$A$20,"<>181",Roadmap!$A$2:$A$20,"<>196") | D12: =SUMIFS(Roadmap!$I$2:$I$20,Roadmap!$C$2:$C$20,A12,Roadmap!$A$2:$A$20,"<>181",Roadmap!$A$2:$A$20,"<>196")
A13: T4 | B13: =COUNTIFS(Roadmap!$C$2:$C$20,A13,Roadmap!$A$2:$A$20,"<>181",Roadmap!$A$2:$A$20,"<>196") | C13: =SUMIFS(Roadmap!$G$2:$G$20,Roadmap!$C$2:$C$20,A13,Roadmap!$A$2:$A$20,"<>181",Roadmap!$A$2:$A$20,"<>196") | D13: =SUMIFS(Roadmap!$I$2:$I$20,Roadmap!$C$2:$C$20,A13,Roadmap!$A$2:$A$20,"<>181",Roadmap!$A$2:$A$20,"<>196")
A14: Total | B14: =SUM(B2:B13) | C14: =SUM(C2:C13) | D14: =SUM(D2:D13)

Sheet MoSCoW x FURPS
A1: MoSCoW | B1: F | C1: U | D1: R | E1: P | F1: S | G1: Items | H1: Size pts | I1: Note
A2: Must | B2: =COUNTIFS(Roadmap!$O$2:$O$20,$A2,Roadmap!$E$2:$E$20,"*F*",Roadmap!$A$2:$A$20,"<>181",Roadmap!$A$2:$A$20,"<>196") | C2: =COUNTIFS(Roadmap!$O$2:$O$20,$A2,Roadmap!$E$2:$E$20,"*U*",Roadmap!$A$2:$A$20,"<>181",Roadmap!$A$2:$A$20,"<>196") | D2: =COUNTIFS(Roadmap!$O$2:$O$20,$A2,Roadmap!$E$2:$E$20,"*R*",Roadmap!$A$2:$A$20,"<>181",Roadmap!$A$2:$A$20,"<>196") | E2: =COUNTIFS(Roadmap!$O$2:$O$20,$A2,Roadmap!$E$2:$E$20,"*P*",Roadmap!$A$2:$A$20,"<>181",Roadmap!$A$2:$A$20,"<>196") | F2: =COUNTIFS(Roadmap!$O$2:$O$20,$A2,Roadmap!$E$2:$E$20,"*S*",Roadmap!$A$2:$A$20,"<>181",Roadmap!$A$2:$A$20,"<>196") | G2: =COUNTIFS(Roadmap!$O$2:$O$20,$A2,Roadmap!$A$2:$A$20,"<>181",Roadmap!$A$2:$A$20,"<>196") | H2: =SUMIFS(Roadmap!$G$2:$G$20,Roadmap!$O$2:$O$20,$A2,Roadmap!$A$2:$A$20,"<>181",Roadmap!$A$2:$A$20,"<>196") | I2: 181's umbrella and done 196 excluded
A3: Should | B3: =COUNTIFS(Roadmap!$O$2:$O$20,$A3,Roadmap!$E$2:$E$20,"*F*",Roadmap!$A$2:$A$20,"<>181",Roadmap!$A$2:$A$20,"<>196") | C3: =COUNTIFS(Roadmap!$O$2:$O$20,$A3,Roadmap!$E$2:$E$20,"*U*",Roadmap!$A$2:$A$20,"<>181",Roadmap!$A$2:$A$20,"<>196") | D3: =COUNTIFS(Roadmap!$O$2:$O$20,$A3,Roadmap!$E$2:$E$20,"*R*",Roadmap!$A$2:$A$20,"<>181",Roadmap!$A$2:$A$20,"<>196") | E3: =COUNTIFS(Roadmap!$O$2:$O$20,$A3,Roadmap!$E$2:$E$20,"*P*",Roadmap!$A$2:$A$20,"<>181",Roadmap!$A$2:$A$20,"<>196") | F3: =COUNTIFS(Roadmap!$O$2:$O$20,$A3,Roadmap!$E$2:$E$20,"*S*",Roadmap!$A$2:$A$20,"<>181",Roadmap!$A$2:$A$20,"<>196") | G3: =COUNTIFS(Roadmap!$O$2:$O$20,$A3,Roadmap!$A$2:$A$20,"<>181",Roadmap!$A$2:$A$20,"<>196") | H3: =SUMIFS(Roadmap!$G$2:$G$20,Roadmap!$O$2:$O$20,$A3,Roadmap!$A$2:$A$20,"<>181",Roadmap!$A$2:$A$20,"<>196")
A4: Could | B4: =COUNTIFS(Roadmap!$O$2:$O$20,$A4,Roadmap!$E$2:$E$20,"*F*",Roadmap!$A$2:$A$20,"<>181",Roadmap!$A$2:$A$20,"<>196") | C4: =COUNTIFS(Roadmap!$O$2:$O$20,$A4,Roadmap!$E$2:$E$20,"*U*",Roadmap!$A$2:$A$20,"<>181",Roadmap!$A$2:$A$20,"<>196") | D4: =COUNTIFS(Roadmap!$O$2:$O$20,$A4,Roadmap!$E$2:$E$20,"*R*",Roadmap!$A$2:$A$20,"<>181",Roadmap!$A$2:$A$20,"<>196") | E4: =COUNTIFS(Roadmap!$O$2:$O$20,$A4,Roadmap!$E$2:$E$20,"*P*",Roadmap!$A$2:$A$20,"<>181",Roadmap!$A$2:$A$20,"<>196") | F4: =COUNTIFS(Roadmap!$O$2:$O$20,$A4,Roadmap!$E$2:$E$20,"*S*",Roadmap!$A$2:$A$20,"<>181",Roadmap!$A$2:$A$20,"<>196") | G4: =COUNTIFS(Roadmap!$O$2:$O$20,$A4,Roadmap!$A$2:$A$20,"<>181",Roadmap!$A$2:$A$20,"<>196") | H4: =SUMIFS(Roadmap!$G$2:$G$20,Roadmap!$O$2:$O$20,$A4,Roadmap!$A$2:$A$20,"<>181",Roadmap!$A$2:$A$20,"<>196")
A5: Total | B5: =SUM(B2:B4) | C5: =SUM(C2:C4) | D5: =SUM(D2:D4) | E5: =SUM(E2:E4) | F5: =SUM(F2:F4) | G5: =SUM(G2:G4) | H5: =SUM(H2:H4)
